PRAGMA foreign_keys=OFF;
BEGIN TRANSACTION;
CREATE TABLE IF NOT EXISTS "django_migrations" ("id" integer NOT NULL PRIMARY KEY AUTOINCREMENT, "app" varchar(255) NOT NULL, "name" varchar(255) NOT NULL, "applied" datetime NOT NULL);
INSERT INTO django_migrations VALUES(1,'contenttypes','0001_initial','2017-06-02 15:25:49.406642');
INSERT INTO django_migrations VALUES(2,'auth','0001_initial','2017-06-02 15:25:49.983243');
INSERT INTO django_migrations VALUES(3,'admin','0001_initial','2017-06-02 15:25:50.351597');
INSERT INTO django_migrations VALUES(4,'contenttypes','0002_remove_content_type_name','2017-06-02 15:25:50.917954');
INSERT INTO django_migrations VALUES(5,'auth','0002_alter_permission_name_max_length','2017-06-02 15:25:51.271852');
INSERT INTO django_migrations VALUES(6,'auth','0003_alter_user_email_max_length','2017-06-02 15:25:51.614978');
INSERT INTO django_migrations VALUES(7,'auth','0004_alter_user_username_opts','2017-06-02 15:25:51.984990');
INSERT INTO django_migrations VALUES(8,'auth','0005_alter_user_last_login_null','2017-06-02 15:25:52.360482');
INSERT INTO django_migrations VALUES(9,'auth','0006_require_contenttypes_0002','2017-06-02 15:25:52.553281');
INSERT INTO django_migrations VALUES(10,'sessions','0001_initial','2017-06-02 15:25:52.912364');
INSERT INTO django_migrations VALUES(11,'admin','0002_logentry_remove_auto_add','2017-06-07 18:09:05.267133');
INSERT INTO django_migrations VALUES(12,'auth','0007_alter_validators_add_error_messages','2017-06-07 18:09:05.297739');
INSERT INTO django_migrations VALUES(13,'auth','0008_alter_user_username_max_length','2017-06-07 18:09:05.331722');
INSERT INTO django_migrations VALUES(14,'controle','0001_initial','2017-07-10 17:12:58.202745');
INSERT INTO django_migrations VALUES(15,'controle','0002_auto_20170710_1412','2017-07-10 17:12:58.219223');
INSERT INTO django_migrations VALUES(16,'controle','0003_cpod_projeto','2018-05-16 17:07:46.580874');
INSERT INTO django_migrations VALUES(17,'controle','0004_tarefas','2019-06-10 14:57:59.907185');
INSERT INTO django_migrations VALUES(18,'controle','0005_auto_20180828_1313','2019-06-10 14:57:59.945230');
INSERT INTO django_migrations VALUES(19,'controle','0006_auto_20180828_1538','2019-06-10 14:57:59.969741');
INSERT INTO django_migrations VALUES(20,'controle','0007_auto_20180828_1548','2019-06-10 14:57:59.991999');
INSERT INTO django_migrations VALUES(21,'controle','0008_auto_20180829_1501','2019-06-10 14:58:00.047524');
INSERT INTO django_migrations VALUES(22,'controle','0009_auto_20180829_1512','2019-06-10 14:58:00.158802');
INSERT INTO django_migrations VALUES(23,'controle','0010_auto_20181020_2305','2019-06-10 14:58:00.185452');
INSERT INTO django_migrations VALUES(24,'controle','0011_auto_20190610_1154','2019-06-10 14:58:00.202641');
CREATE TABLE IF NOT EXISTS "controle_escopo" ("id" integer NOT NULL PRIMARY KEY AUTOINCREMENT, "cpod_id" integer NOT NULL REFERENCES "controle_cpod" ("id"), "nome_escopo" varchar(50) NOT NULL, "descricao" text NULL);
CREATE TABLE IF NOT EXISTS "auth_group" ("id" integer NOT NULL PRIMARY KEY AUTOINCREMENT, "name" varchar(80) NOT NULL UNIQUE);
CREATE TABLE IF NOT EXISTS "auth_group_permissions" ("id" integer NOT NULL PRIMARY KEY AUTOINCREMENT, "group_id" integer NOT NULL REFERENCES "auth_group" ("id"), "permission_id" integer NOT NULL REFERENCES "auth_permission" ("id"), UNIQUE ("group_id", "permission_id"));
CREATE TABLE IF NOT EXISTS "auth_user_groups" ("id" integer NOT NULL PRIMARY KEY AUTOINCREMENT, "user_id" integer NOT NULL REFERENCES "auth_user" ("id"), "group_id" integer NOT NULL REFERENCES "auth_group" ("id"), UNIQUE ("user_id", "group_id"));
CREATE TABLE IF NOT EXISTS "auth_user_user_permissions" ("id" integer NOT NULL PRIMARY KEY AUTOINCREMENT, "user_id" integer NOT NULL REFERENCES "auth_user" ("id"), "permission_id" integer NOT NULL REFERENCES "auth_permission" ("id"), UNIQUE ("user_id", "permission_id"));
CREATE TABLE IF NOT EXISTS "django_content_type" ("id" integer NOT NULL PRIMARY KEY AUTOINCREMENT, "app_label" varchar(100) NOT NULL, "model" varchar(100) NOT NULL, UNIQUE ("app_label", "model"));
INSERT INTO django_content_type VALUES(1,'admin','logentry');
INSERT INTO django_content_type VALUES(2,'auth','permission');
INSERT INTO django_content_type VALUES(3,'auth','group');
INSERT INTO django_content_type VALUES(4,'auth','user');
INSERT INTO django_content_type VALUES(5,'contenttypes','contenttype');
INSERT INTO django_content_type VALUES(6,'sessions','session');
INSERT INTO django_content_type VALUES(7,'controle','cpod');
INSERT INTO django_content_type VALUES(8,'controle','escopo');
INSERT INTO django_content_type VALUES(9,'controle','cdesenvolvimento');
INSERT INTO django_content_type VALUES(10,'controle','itemdesenvolvimento');
INSERT INTO django_content_type VALUES(11,'controle','tarefas');
CREATE TABLE IF NOT EXISTS "auth_permission" ("id" integer NOT NULL PRIMARY KEY AUTOINCREMENT, "content_type_id" integer NOT NULL REFERENCES "django_content_type" ("id"), "codename" varchar(100) NOT NULL, "name" varchar(255) NOT NULL, UNIQUE ("content_type_id", "codename"));
INSERT INTO auth_permission VALUES(1,1,'add_logentry','Can add log entry');
INSERT INTO auth_permission VALUES(2,1,'change_logentry','Can change log entry');
INSERT INTO auth_permission VALUES(3,1,'delete_logentry','Can delete log entry');
INSERT INTO auth_permission VALUES(4,2,'add_permission','Can add permission');
INSERT INTO auth_permission VALUES(5,2,'change_permission','Can change permission');
INSERT INTO auth_permission VALUES(6,2,'delete_permission','Can delete permission');
INSERT INTO auth_permission VALUES(7,3,'add_group','Can add group');
INSERT INTO auth_permission VALUES(8,3,'change_group','Can change group');
INSERT INTO auth_permission VALUES(9,3,'delete_group','Can delete group');
INSERT INTO auth_permission VALUES(10,4,'add_user','Can add user');
INSERT INTO auth_permission VALUES(11,4,'change_user','Can change user');
INSERT INTO auth_permission VALUES(12,4,'delete_user','Can delete user');
INSERT INTO auth_permission VALUES(13,5,'add_contenttype','Can add content type');
INSERT INTO auth_permission VALUES(14,5,'change_contenttype','Can change content type');
INSERT INTO auth_permission VALUES(15,5,'delete_contenttype','Can delete content type');
INSERT INTO auth_permission VALUES(16,6,'add_session','Can add session');
INSERT INTO auth_permission VALUES(17,6,'change_session','Can change session');
INSERT INTO auth_permission VALUES(18,6,'delete_session','Can delete session');
INSERT INTO auth_permission VALUES(19,7,'add_cpod','Can add Cartão de Produção');
INSERT INTO auth_permission VALUES(20,7,'change_cpod','Can change Cartão de Produção');
INSERT INTO auth_permission VALUES(21,7,'delete_cpod','Can delete Cartão de Produção');
INSERT INTO auth_permission VALUES(22,8,'add_escopo','Can add escopo');
INSERT INTO auth_permission VALUES(23,8,'change_escopo','Can change escopo');
INSERT INTO auth_permission VALUES(24,8,'delete_escopo','Can delete escopo');
INSERT INTO auth_permission VALUES(25,9,'add_cdesenvolvimento','Can add Cartão de Desenvovimento');
INSERT INTO auth_permission VALUES(26,9,'change_cdesenvolvimento','Can change Cartão de Desenvovimento');
INSERT INTO auth_permission VALUES(27,9,'delete_cdesenvolvimento','Can delete Cartão de Desenvovimento');
INSERT INTO auth_permission VALUES(28,10,'add_itemdesenvolvimento','Can add Item de Desenvolvimento');
INSERT INTO auth_permission VALUES(29,10,'change_itemdesenvolvimento','Can change Item de Desenvolvimento');
INSERT INTO auth_permission VALUES(30,10,'delete_itemdesenvolvimento','Can delete Item de Desenvolvimento');
INSERT INTO auth_permission VALUES(31,11,'add_tarefas','Can add Tarefa');
INSERT INTO auth_permission VALUES(32,11,'change_tarefas','Can change Tarefa');
INSERT INTO auth_permission VALUES(33,11,'delete_tarefas','Can delete Tarefa');
CREATE TABLE IF NOT EXISTS "django_session" ("session_key" varchar(40) NOT NULL PRIMARY KEY, "session_data" text NOT NULL, "expire_date" datetime NOT NULL);
INSERT INTO django_session VALUES('y6m0a11d6e8tef3u1pk66960sqjvupwz','MGQ2Njg0ZDJiMmRkYWU5N2RjZjVlODJlZGM1OGM5MTM3NDdlOTUwZjp7Il9hdXRoX3VzZXJfaGFzaCI6ImUyNGI3MGMwNGY1Y2ViMzE5YjEwY2EyN2I2NGE0N2UxODkzNWExMGEiLCJfYXV0aF91c2VyX2JhY2tlbmQiOiJkamFuZ28uY29udHJpYi5hdXRoLmJhY2tlbmRzLk1vZGVsQmFja2VuZCIsIl9hdXRoX3VzZXJfaWQiOiIxIn0=','2017-06-16 15:31:24.643316');
INSERT INTO django_session VALUES('9nn4cde6xsd7vjalgwyi1le64xrm5czf','YjljNzA1ZTEzMWI2ZjYxNWE0MzFiZGFjNTVhYThhYzZjZjg0YmQ1Mzp7Il9hdXRoX3VzZXJfaGFzaCI6IjIzYjMxNGFlMGY0MzY5NzY1ODJkNTk2ZDQ1MjU4MmE2YWVjYjQ3NGYiLCJfYXV0aF91c2VyX2JhY2tlbmQiOiJkamFuZ28uY29udHJpYi5hdXRoLmJhY2tlbmRzLk1vZGVsQmFja2VuZCIsIl9hdXRoX3VzZXJfaWQiOiIxIn0=','2017-06-21 18:48:34.073304');
INSERT INTO django_session VALUES('zc51a0eg519euqilcrptcinfjgsegcoe','YjljNzA1ZTEzMWI2ZjYxNWE0MzFiZGFjNTVhYThhYzZjZjg0YmQ1Mzp7Il9hdXRoX3VzZXJfaGFzaCI6IjIzYjMxNGFlMGY0MzY5NzY1ODJkNTk2ZDQ1MjU4MmE2YWVjYjQ3NGYiLCJfYXV0aF91c2VyX2JhY2tlbmQiOiJkamFuZ28uY29udHJpYi5hdXRoLmJhY2tlbmRzLk1vZGVsQmFja2VuZCIsIl9hdXRoX3VzZXJfaWQiOiIxIn0=','2017-07-12 19:29:54.612298');
INSERT INTO django_session VALUES('wny619poelkwlctkmybmelzoj629r1wj','YjljNzA1ZTEzMWI2ZjYxNWE0MzFiZGFjNTVhYThhYzZjZjg0YmQ1Mzp7Il9hdXRoX3VzZXJfaGFzaCI6IjIzYjMxNGFlMGY0MzY5NzY1ODJkNTk2ZDQ1MjU4MmE2YWVjYjQ3NGYiLCJfYXV0aF91c2VyX2JhY2tlbmQiOiJkamFuZ28uY29udHJpYi5hdXRoLmJhY2tlbmRzLk1vZGVsQmFja2VuZCIsIl9hdXRoX3VzZXJfaWQiOiIxIn0=','2017-07-23 01:45:53.507980');
INSERT INTO django_session VALUES('9qirudmlgm7tc56yod4x2qtgcoewjan3','YjljNzA1ZTEzMWI2ZjYxNWE0MzFiZGFjNTVhYThhYzZjZjg0YmQ1Mzp7Il9hdXRoX3VzZXJfaGFzaCI6IjIzYjMxNGFlMGY0MzY5NzY1ODJkNTk2ZDQ1MjU4MmE2YWVjYjQ3NGYiLCJfYXV0aF91c2VyX2JhY2tlbmQiOiJkamFuZ28uY29udHJpYi5hdXRoLmJhY2tlbmRzLk1vZGVsQmFja2VuZCIsIl9hdXRoX3VzZXJfaWQiOiIxIn0=','2017-07-23 15:06:07.001888');
INSERT INTO django_session VALUES('6o77mzrk751cgl7e73jenii452ylqfil','YjljNzA1ZTEzMWI2ZjYxNWE0MzFiZGFjNTVhYThhYzZjZjg0YmQ1Mzp7Il9hdXRoX3VzZXJfaGFzaCI6IjIzYjMxNGFlMGY0MzY5NzY1ODJkNTk2ZDQ1MjU4MmE2YWVjYjQ3NGYiLCJfYXV0aF91c2VyX2JhY2tlbmQiOiJkamFuZ28uY29udHJpYi5hdXRoLmJhY2tlbmRzLk1vZGVsQmFja2VuZCIsIl9hdXRoX3VzZXJfaWQiOiIxIn0=','2017-07-27 14:45:22.768483');
INSERT INTO django_session VALUES('9z0pr4d9nq8bfj11mubrdyv5ivm6vk7c','YjljNzA1ZTEzMWI2ZjYxNWE0MzFiZGFjNTVhYThhYzZjZjg0YmQ1Mzp7Il9hdXRoX3VzZXJfaGFzaCI6IjIzYjMxNGFlMGY0MzY5NzY1ODJkNTk2ZDQ1MjU4MmE2YWVjYjQ3NGYiLCJfYXV0aF91c2VyX2JhY2tlbmQiOiJkamFuZ28uY29udHJpYi5hdXRoLmJhY2tlbmRzLk1vZGVsQmFja2VuZCIsIl9hdXRoX3VzZXJfaWQiOiIxIn0=','2017-08-02 02:25:08.874679');
INSERT INTO django_session VALUES('ge7kge3rwyui6w8dpbgxvzoxzvfb1s9i','YjljNzA1ZTEzMWI2ZjYxNWE0MzFiZGFjNTVhYThhYzZjZjg0YmQ1Mzp7Il9hdXRoX3VzZXJfaGFzaCI6IjIzYjMxNGFlMGY0MzY5NzY1ODJkNTk2ZDQ1MjU4MmE2YWVjYjQ3NGYiLCJfYXV0aF91c2VyX2JhY2tlbmQiOiJkamFuZ28uY29udHJpYi5hdXRoLmJhY2tlbmRzLk1vZGVsQmFja2VuZCIsIl9hdXRoX3VzZXJfaWQiOiIxIn0=','2017-08-10 16:27:17.271436');
INSERT INTO django_session VALUES('gyvsn4p2f5pc5n4k38idrjg86fpjig0m','YjljNzA1ZTEzMWI2ZjYxNWE0MzFiZGFjNTVhYThhYzZjZjg0YmQ1Mzp7Il9hdXRoX3VzZXJfaGFzaCI6IjIzYjMxNGFlMGY0MzY5NzY1ODJkNTk2ZDQ1MjU4MmE2YWVjYjQ3NGYiLCJfYXV0aF91c2VyX2JhY2tlbmQiOiJkamFuZ28uY29udHJpYi5hdXRoLmJhY2tlbmRzLk1vZGVsQmFja2VuZCIsIl9hdXRoX3VzZXJfaWQiOiIxIn0=','2017-08-24 10:36:26.825930');
INSERT INTO django_session VALUES('polvmipnejw0fbh1qrba08y70rvrtady','YjljNzA1ZTEzMWI2ZjYxNWE0MzFiZGFjNTVhYThhYzZjZjg0YmQ1Mzp7Il9hdXRoX3VzZXJfaGFzaCI6IjIzYjMxNGFlMGY0MzY5NzY1ODJkNTk2ZDQ1MjU4MmE2YWVjYjQ3NGYiLCJfYXV0aF91c2VyX2JhY2tlbmQiOiJkamFuZ28uY29udHJpYi5hdXRoLmJhY2tlbmRzLk1vZGVsQmFja2VuZCIsIl9hdXRoX3VzZXJfaWQiOiIxIn0=','2018-02-20 18:43:20.355090');
INSERT INTO django_session VALUES('mumoywhnnnrphfqy1wlicc1cf4x4cwq9','YjljNzA1ZTEzMWI2ZjYxNWE0MzFiZGFjNTVhYThhYzZjZjg0YmQ1Mzp7Il9hdXRoX3VzZXJfaGFzaCI6IjIzYjMxNGFlMGY0MzY5NzY1ODJkNTk2ZDQ1MjU4MmE2YWVjYjQ3NGYiLCJfYXV0aF91c2VyX2JhY2tlbmQiOiJkamFuZ28uY29udHJpYi5hdXRoLmJhY2tlbmRzLk1vZGVsQmFja2VuZCIsIl9hdXRoX3VzZXJfaWQiOiIxIn0=','2018-05-31 15:00:06.937344');
INSERT INTO django_session VALUES('svl5pfsanfes2p9g2arx7uy0i6l0fapt','YjljNzA1ZTEzMWI2ZjYxNWE0MzFiZGFjNTVhYThhYzZjZjg0YmQ1Mzp7Il9hdXRoX3VzZXJfaGFzaCI6IjIzYjMxNGFlMGY0MzY5NzY1ODJkNTk2ZDQ1MjU4MmE2YWVjYjQ3NGYiLCJfYXV0aF91c2VyX2JhY2tlbmQiOiJkamFuZ28uY29udHJpYi5hdXRoLmJhY2tlbmRzLk1vZGVsQmFja2VuZCIsIl9hdXRoX3VzZXJfaWQiOiIxIn0=','2018-06-23 00:31:39.577742');
INSERT INTO django_session VALUES('6dnzmkfhrkrxqjijbmnbuion4yczkp5q','YjljNzA1ZTEzMWI2ZjYxNWE0MzFiZGFjNTVhYThhYzZjZjg0YmQ1Mzp7Il9hdXRoX3VzZXJfaGFzaCI6IjIzYjMxNGFlMGY0MzY5NzY1ODJkNTk2ZDQ1MjU4MmE2YWVjYjQ3NGYiLCJfYXV0aF91c2VyX2JhY2tlbmQiOiJkamFuZ28uY29udHJpYi5hdXRoLmJhY2tlbmRzLk1vZGVsQmFja2VuZCIsIl9hdXRoX3VzZXJfaWQiOiIxIn0=','2018-06-27 18:11:19.354609');
INSERT INTO django_session VALUES('e7kgb1ot7xnuxjvchcmc5c8sv4b7pn1l','YjljNzA1ZTEzMWI2ZjYxNWE0MzFiZGFjNTVhYThhYzZjZjg0YmQ1Mzp7Il9hdXRoX3VzZXJfaGFzaCI6IjIzYjMxNGFlMGY0MzY5NzY1ODJkNTk2ZDQ1MjU4MmE2YWVjYjQ3NGYiLCJfYXV0aF91c2VyX2JhY2tlbmQiOiJkamFuZ28uY29udHJpYi5hdXRoLmJhY2tlbmRzLk1vZGVsQmFja2VuZCIsIl9hdXRoX3VzZXJfaWQiOiIxIn0=','2018-07-18 17:24:01.639275');
INSERT INTO django_session VALUES('xinm52ooxsm2t7u2qis7dqqz9k4qumip','ZmNlZjY3ZDUxMDcwYWU5NzdlNWQxM2ZhMDU5ZjQ4ZjkxMGJjNGVjZDp7Il9hdXRoX3VzZXJfaGFzaCI6IjIzYjMxNGFlMGY0MzY5NzY1ODJkNTk2ZDQ1MjU4MmE2YWVjYjQ3NGYiLCJfYXV0aF91c2VyX2lkIjoiMSIsIl9hdXRoX3VzZXJfYmFja2VuZCI6ImRqYW5nby5jb250cmliLmF1dGguYmFja2VuZHMuTW9kZWxCYWNrZW5kIn0=','2020-03-12 20:15:33.841544');
INSERT INTO django_session VALUES('dgsfqm29i7frankr907wijmfbvvexgmx','YjljNzA1ZTEzMWI2ZjYxNWE0MzFiZGFjNTVhYThhYzZjZjg0YmQ1Mzp7Il9hdXRoX3VzZXJfaGFzaCI6IjIzYjMxNGFlMGY0MzY5NzY1ODJkNTk2ZDQ1MjU4MmE2YWVjYjQ3NGYiLCJfYXV0aF91c2VyX2JhY2tlbmQiOiJkamFuZ28uY29udHJpYi5hdXRoLmJhY2tlbmRzLk1vZGVsQmFja2VuZCIsIl9hdXRoX3VzZXJfaWQiOiIxIn0=','2020-03-23 17:40:17.578825');
CREATE TABLE IF NOT EXISTS "django_admin_log" ("id" integer NOT NULL PRIMARY KEY AUTOINCREMENT, "object_id" text NULL, "object_repr" varchar(200) NOT NULL, "action_flag" smallint unsigned NOT NULL, "change_message" text NOT NULL, "content_type_id" integer NULL REFERENCES "django_content_type" ("id"), "user_id" integer NOT NULL REFERENCES "auth_user" ("id"), "action_time" datetime NOT NULL);
INSERT INTO django_admin_log VALUES(1,'1','1.5 Promisses and futures as classes',1,'',7,1,'2017-06-02 15:34:14.679874');
INSERT INTO django_admin_log VALUES(2,'1','1.5 Promisses and futures as classes',2,'Adicionado Cartão de Desenvovimento "Cartão 2"',7,1,'2017-06-02 15:34:43.312941');
INSERT INTO django_admin_log VALUES(3,'1','item 1',1,'',10,1,'2017-06-02 15:36:54.382849');
INSERT INTO django_admin_log VALUES(4,'1','1.5 Promisses and futures as classes',2,'Modificado nome_cd para Cartão de Desenvovimento "Cartão 17777".',7,1,'2017-06-02 16:21:52.632285');
INSERT INTO django_admin_log VALUES(5,'1','1.5 Promisses and futures as classes',2,'Modificado nome_escopo para escopo "Escopo copo".',7,1,'2017-06-02 16:22:14.450533');
INSERT INTO django_admin_log VALUES(6,'3','Cartão 123',1,'',9,1,'2017-06-02 16:37:21.092861');
INSERT INTO django_admin_log VALUES(7,'3','Cartão 123',2,'Nenhum campo modificado.',9,1,'2017-06-02 16:37:22.515855');
INSERT INTO django_admin_log VALUES(8,'2','1.6 Dynamic type for EINA.Value',1,'',7,1,'2017-06-02 16:59:39.921908');
INSERT INTO django_admin_log VALUES(9,'3','1.4 Map Eldbus to C#',1,'',7,1,'2017-06-02 17:00:24.825682');
INSERT INTO django_admin_log VALUES(10,'4','1.17 Advice Samsung devs on widget set development',1,'',7,1,'2017-06-02 17:01:19.879833');
INSERT INTO django_admin_log VALUES(11,'5','EINA iterator mapping from IEnumerables',1,'',7,1,'2017-06-02 17:02:12.001511');
INSERT INTO django_admin_log VALUES(12,'6','4.2 Fix own tags Eolian files with tests',1,'',7,1,'2017-06-02 17:03:05.353784');
INSERT INTO django_admin_log VALUES(13,'7','4.1 Rewrite efl.ui.list',1,'',7,1,'2017-06-02 17:04:33.649086');
INSERT INTO django_admin_log VALUES(14,'7','4.1 Rewrite efl.ui.list',2,'Modificado data_des_ini. Adicionado Cartão de Desenvovimento "Definição API" Adicionado Cartão de Desenvovimento "Desenhar elementos" Adicionado Cartão de Desenvovimento "Scroll/ Redimensionamento" Adicionado Cartão de Desenvovimento "Conexão Models" Adicionado Cartão de Desenvovimento "Colunas" Adicionado Cartão de Desenvovimento "Otimização" Adicionado Cartão de Desenvovimento "Seleção foco" Adicionado Cartão de Desenvovimento "Homogenious"',7,1,'2017-06-02 17:08:34.507344');
INSERT INTO django_admin_log VALUES(15,'1','item 1',3,'',10,1,'2017-06-02 17:10:40.718549');
INSERT INTO django_admin_log VALUES(16,'11','Homogenious',2,'Adicionado Item de Desenvolvimento "Homogenious"',9,1,'2017-06-02 17:12:22.420604');
INSERT INTO django_admin_log VALUES(17,'10','Seleção foco',2,'Adicionado Item de Desenvolvimento "Seleção e foco"',9,1,'2017-06-02 17:13:34.416520');
INSERT INTO django_admin_log VALUES(18,'9','Otimização',2,'Adicionado Item de Desenvolvimento "Otimização"',9,1,'2017-06-02 17:13:59.844936');
INSERT INTO django_admin_log VALUES(19,'8','Colunas',2,'Modificado participacao. Adicionado Item de Desenvolvimento "Colunas"',9,1,'2017-06-02 17:14:24.178451');
INSERT INTO django_admin_log VALUES(20,'7','Conexão Models',2,'Adicionado Item de Desenvolvimento "Atualizar tema do lauout"',9,1,'2017-06-02 17:15:00.369404');
INSERT INTO django_admin_log VALUES(21,'7','Conexão Models',2,'Adicionado Item de Desenvolvimento "Outras"',9,1,'2017-06-02 17:15:18.254709');
INSERT INTO django_admin_log VALUES(22,'10','Seleção foco',2,'Adicionado Item de Desenvolvimento "Exibir seleção" Modificado nome_item e participacao para Item de Desenvolvimento "Alterar foco".',9,1,'2017-06-02 17:16:01.382116');
INSERT INTO django_admin_log VALUES(23,'6','Scroll/ Redimensionamento',2,'Adicionado Item de Desenvolvimento "Scroll baseado em itens carregados"',9,1,'2017-06-02 17:16:49.134946');
INSERT INTO django_admin_log VALUES(24,'6','Scroll/ Redimensionamento',2,'Adicionado Item de Desenvolvimento "Scroll estimando itens ainda não carregados"',9,1,'2017-06-02 17:17:35.338078');
INSERT INTO django_admin_log VALUES(25,'5','Desenhar elementos',2,'Adicionado Item de Desenvolvimento "Criar exemplo teste"',9,1,'2017-06-02 17:18:15.528807');
INSERT INTO django_admin_log VALUES(26,'5','Desenhar elementos',2,'Adicionado Item de Desenvolvimento "Tema default"',9,1,'2017-06-02 17:18:39.515197');
INSERT INTO django_admin_log VALUES(27,'5','Desenhar elementos',2,'Adicionado Item de Desenvolvimento "Remover eva-box"',9,1,'2017-06-02 17:19:07.334568');
INSERT INTO django_admin_log VALUES(28,'5','Desenhar elementos',2,'Adicionado Item de Desenvolvimento "Estudar alternativas Evas Box"',9,1,'2017-06-02 17:19:43.719907');
INSERT INTO django_admin_log VALUES(29,'5','Desenhar elementos',2,'Adicionado Item de Desenvolvimento "Atualizar posição de itens"',9,1,'2017-06-02 17:20:17.537853');
INSERT INTO django_admin_log VALUES(30,'5','Desenhar elementos',2,'Adicionado Item de Desenvolvimento "Redesenho"',9,1,'2017-06-02 17:20:55.290840');
INSERT INTO django_admin_log VALUES(31,'5','Desenhar elementos',2,'Adicionado Item de Desenvolvimento "Posicionar elementos sem Eva_box"',9,1,'2017-06-02 17:21:37.330718');
INSERT INTO django_admin_log VALUES(32,'5','Desenhar elementos',2,'Adicionado Item de Desenvolvimento "Group_calc/ Add sem Evas_box"',9,1,'2017-06-02 17:22:16.779809');
INSERT INTO django_admin_log VALUES(33,'5','Desenhar elementos',2,'Nenhum campo modificado.',9,1,'2017-06-02 17:22:33.762273');
INSERT INTO django_admin_log VALUES(34,'4','Definição API',2,'Adicionado Item de Desenvolvimento "Definição API"',9,1,'2017-06-02 17:23:07.596585');
INSERT INTO django_admin_log VALUES(35,'3','Cartão 123',3,'',9,1,'2017-06-02 17:23:33.262281');
INSERT INTO django_admin_log VALUES(36,'2','Cartão 2',3,'',9,1,'2017-06-02 17:23:33.425076');
INSERT INTO django_admin_log VALUES(37,'1','Cartão 17777',3,'',9,1,'2017-06-02 17:23:33.619506');
INSERT INTO django_admin_log VALUES(38,'8','1.4 EINA_ERROR handing',1,'',7,1,'2017-06-02 17:26:39.534289');
INSERT INTO django_admin_log VALUES(39,'8','1.4 EINA_ERROR handing',2,'Adicionado Cartão de Desenvovimento "Suportar Eina.Error global."',7,1,'2017-06-02 17:27:11.285516');
INSERT INTO django_admin_log VALUES(40,'8','1.4 EINA_ERROR handing',2,'Adicionado Cartão de Desenvovimento "Suportar Eina.Error em callbacks estaticos."',7,1,'2017-06-02 17:27:42.910801');
INSERT INTO django_admin_log VALUES(41,'8','1.4 EINA_ERROR handing',2,'Adicionado Cartão de Desenvovimento "Suportar Eina.Error em eventos."',7,1,'2017-06-02 17:28:04.485270');
INSERT INTO django_admin_log VALUES(42,'15','Suportar Eina.Error em eventos.',2,'Adicionado Item de Desenvolvimento "Suportar Eina.Error em eventos."',9,1,'2017-06-02 17:29:11.080553');
INSERT INTO django_admin_log VALUES(43,'14','Suportar Eina.Error em callbacks estaticos.',2,'Adicionado Item de Desenvolvimento "Suportar Eina.Error em callbacks estaticos."',9,1,'2017-06-02 17:29:41.987189');
INSERT INTO django_admin_log VALUES(44,'13','Suportar Eina.Error global.',2,'Adicionado Item de Desenvolvimento "Criar teste de eina error global"',9,1,'2017-06-02 17:30:18.093924');
INSERT INTO django_admin_log VALUES(45,'13','Suportar Eina.Error global.',2,'Adicionado Item de Desenvolvimento "Suportar eina error global"',9,1,'2017-06-02 17:30:43.525370');
INSERT INTO django_admin_log VALUES(46,'12','Suportar Eina.Error no retorno de funcoes.',2,'Adicionado Item de Desenvolvimento "Suportar Eina.Error no retorno de funcoes."',9,1,'2017-06-02 17:31:10.249127');
INSERT INTO django_admin_log VALUES(47,'22','Criar teste de eina error global',2,'Modificado concluido.',10,1,'2017-06-02 17:32:44.958726');
INSERT INTO django_admin_log VALUES(48,'23','Suportar eina error global',2,'Modificado concluido.',10,1,'2017-06-02 17:33:16.363160');
INSERT INTO django_admin_log VALUES(49,'23','Suportar eina error global',2,'Nenhum campo modificado.',10,1,'2017-06-02 17:33:17.613963');
INSERT INTO django_admin_log VALUES(50,'19','Definição API',2,'Modificado concluido.',10,1,'2017-06-02 17:33:50.512593');
INSERT INTO django_admin_log VALUES(51,'11','Criar exemplo teste',2,'Modificado concluido.',10,1,'2017-06-02 17:34:21.489301');
INSERT INTO django_admin_log VALUES(52,'12','Tema default',2,'Modificado concluido.',10,1,'2017-06-02 17:34:35.582484');
INSERT INTO django_admin_log VALUES(53,'13','Remover eva-box',2,'Modificado concluido.',10,1,'2017-06-02 17:34:51.171240');
INSERT INTO django_admin_log VALUES(54,'14','Estudar alternativas Evas Box',2,'Modificado concluido.',10,1,'2017-06-02 17:35:06.984203');
INSERT INTO django_admin_log VALUES(55,'15','Atualizar posição de itens',2,'Modificado concluido.',10,1,'2017-06-02 17:35:19.374609');
INSERT INTO django_admin_log VALUES(56,'16','Redesenho',2,'Modificado concluido.',10,1,'2017-06-02 17:35:31.365030');
INSERT INTO django_admin_log VALUES(57,'17','Posicionar elementos sem Eva_box',2,'Modificado concluido.',10,1,'2017-06-02 17:35:45.771298');
INSERT INTO django_admin_log VALUES(58,'18','Group_calc/ Add sem Evas_box',2,'Modificado concluido.',10,1,'2017-06-02 17:36:00.482913');
INSERT INTO django_admin_log VALUES(59,'9','Scroll baseado em itens carregados',2,'Modificado concluido.',10,1,'2017-06-02 17:36:19.685623');
INSERT INTO django_admin_log VALUES(60,'6','Atualizar tema do lauout',2,'Modificado concluido.',10,1,'2017-06-02 17:36:43.423215');
INSERT INTO django_admin_log VALUES(61,'7','Outras',2,'Modificado concluido.',10,1,'2017-06-02 17:36:57.406602');
INSERT INTO django_admin_log VALUES(62,'3','Alterar foco',2,'Modificado concluido.',10,1,'2017-06-02 17:37:10.807602');
INSERT INTO django_admin_log VALUES(63,'8','Exibir seleção',2,'Modificado concluido.',10,1,'2017-06-02 17:37:21.306183');
INSERT INTO django_admin_log VALUES(64,'15','Suportar Eina.Error em eventos.',2,'Nenhum campo modificado.',9,1,'2017-06-02 17:55:17.476977');
INSERT INTO django_admin_log VALUES(65,'15','Suportar Eina.Error em eventos.',2,'Nenhum campo modificado.',9,1,'2017-06-02 17:55:55.889140');
INSERT INTO django_admin_log VALUES(66,'15','Suportar Eina.Error em eventos.',2,'Modificado data_ini para Item de Desenvolvimento "Suportar Eina.Error em eventos.".',9,1,'2017-06-02 18:04:33.336246');
INSERT INTO django_admin_log VALUES(67,'24','Suportar Eina.Error no retorno de funcoes.',2,'Modificado data_ini.',10,1,'2017-06-02 18:05:05.027359');
INSERT INTO django_admin_log VALUES(68,'23','Suportar eina error global',2,'Modificado data_ini.',10,1,'2017-06-02 18:05:15.194152');
INSERT INTO django_admin_log VALUES(69,'22','Criar teste de eina error global',2,'Modificado data_ini.',10,1,'2017-06-02 18:05:23.170334');
INSERT INTO django_admin_log VALUES(70,'21','Suportar Eina.Error em callbacks estaticos.',2,'Modificado data_ini.',10,1,'2017-06-02 18:05:33.025988');
INSERT INTO django_admin_log VALUES(71,'19','Definição API',2,'Modificado data_ini.',10,1,'2017-06-02 18:05:39.562838');
INSERT INTO django_admin_log VALUES(72,'18','Group_calc/ Add sem Evas_box',2,'Modificado data_ini.',10,1,'2017-06-02 18:05:48.281725');
INSERT INTO django_admin_log VALUES(73,'17','Posicionar elementos sem Eva_box',2,'Modificado data_ini.',10,1,'2017-06-02 18:05:53.850498');
INSERT INTO django_admin_log VALUES(74,'9','1.1 Eina Containers',1,'',7,1,'2017-06-02 18:12:14.947136');
INSERT INTO django_admin_log VALUES(75,'9','1.1 Eina Containers',2,'Adicionado Cartão de Desenvovimento "InList"',7,1,'2017-06-02 18:12:47.506864');
INSERT INTO django_admin_log VALUES(76,'9','1.1 Eina Containers',2,'Adicionado Cartão de Desenvovimento "Exemplos"',7,1,'2017-06-02 18:13:11.973418');
INSERT INTO django_admin_log VALUES(77,'17','InList',2,'Adicionado Item de Desenvolvimento "Build binding stub"',9,1,'2017-06-02 18:14:28.962293');
INSERT INTO django_admin_log VALUES(78,'17','InList',2,'Adicionado Item de Desenvolvimento "Test stub"',9,1,'2017-06-02 18:14:59.778614');
INSERT INTO django_admin_log VALUES(79,'17','InList',2,'Adicionado Item de Desenvolvimento "Escrever testes"',9,1,'2017-06-02 18:15:40.715096');
INSERT INTO django_admin_log VALUES(80,'17','InList',2,'Adicionado Item de Desenvolvimento "Escrever bindings"',9,1,'2017-06-02 18:16:05.422621');
INSERT INTO django_admin_log VALUES(81,'16','Inarray',2,'Adicionado Item de Desenvolvimento "Build binding stub"',9,1,'2017-06-02 18:19:54.745347');
INSERT INTO django_admin_log VALUES(82,'16','Inarray',2,'Adicionado Item de Desenvolvimento "Test stub"',9,1,'2017-06-02 18:20:10.499659');
INSERT INTO django_admin_log VALUES(83,'16','Inarray',2,'Adicionado Item de Desenvolvimento "Escrever testes"',9,1,'2017-06-02 18:20:27.943194');
INSERT INTO django_admin_log VALUES(84,'16','Inarray',2,'Adicionado Item de Desenvolvimento "Escrever bindings "',9,1,'2017-06-02 18:20:49.523317');
INSERT INTO django_admin_log VALUES(85,'18','Exemplos',3,'',9,1,'2017-06-02 18:20:57.793069');
INSERT INTO django_admin_log VALUES(86,'5','EINA iterator mapping from IEnumerables',2,'[]',7,1,'2017-07-07 14:16:34.593086');
INSERT INTO django_admin_log VALUES(87,'5','EINA iterator mapping from IEnumerables',2,'[]',7,1,'2017-07-07 14:16:41.227880');
INSERT INTO django_admin_log VALUES(88,'5','1.7 EINA iterator mapping from IEnumerables',2,'[{"changed": {"fields": ["nome_cp"]}}]',7,1,'2017-07-07 14:16:52.436401');
INSERT INTO django_admin_log VALUES(89,'9','1.1 Eina Containers',2,'[{"changed": {"fields": ["data_des_fim"]}}]',7,1,'2017-07-07 17:06:24.759170');
INSERT INTO django_admin_log VALUES(90,'8','1.4 EINA_ERROR handing',2,'[{"changed": {"fields": ["data_des_fim"]}}]',7,1,'2017-07-07 17:07:20.191184');
INSERT INTO django_admin_log VALUES(91,'5','1.7 EINA iterator mapping from IEnumerables',2,'[{"changed": {"fields": ["data_des_ini", "data_des_fim"]}}]',7,1,'2017-07-07 17:10:33.713953');
INSERT INTO django_admin_log VALUES(92,'4','1.17 Advice Samsung devs on widget set development',2,'[{"changed": {"fields": ["data_des_ini", "data_des_fim"]}}]',7,1,'2017-07-07 17:10:57.762321');
INSERT INTO django_admin_log VALUES(93,'3','1.4 Map Eldbus to C#',2,'[{"changed": {"fields": ["data_des_ini"]}}]',7,1,'2017-07-07 17:11:53.267607');
INSERT INTO django_admin_log VALUES(94,'3','1.4 Map Eldbus to C#',2,'[{"added": {"object": "cart\u00e3o 1", "name": "Cart\u00e3o de Desenvovimento"}}]',7,1,'2017-07-07 17:13:15.744822');
INSERT INTO django_admin_log VALUES(95,'2','1.6 Dynamic type for EINA.Value',2,'[{"changed": {"fields": ["data_des_ini"]}}, {"added": {"object": "Cart\u00e3o 1", "name": "Cart\u00e3o de Desenvovimento"}}]',7,1,'2017-07-07 17:14:04.973164');
INSERT INTO django_admin_log VALUES(96,'10','1.12 LINQ provider for Efl Data Model',1,'[{"added": {}}]',7,1,'2017-07-07 17:18:43.269438');
INSERT INTO django_admin_log VALUES(97,'3','1.14 Map Eldbus to C#',2,'[{"changed": {"fields": ["nome_cp"]}}]',7,1,'2017-07-07 17:19:18.130450');
INSERT INTO django_admin_log VALUES(98,'1','1.5 Promisses and Futures as classes',2,'[{"changed": {"fields": ["nome_cp"]}}]',7,1,'2017-07-07 17:19:43.954912');
INSERT INTO django_admin_log VALUES(99,'10','1.12 LINQ provider for Efl Data Model',2,'[{"changed": {"fields": ["cliente"]}}]',7,1,'2017-07-07 17:20:08.845054');
INSERT INTO django_admin_log VALUES(100,'11','1.16 Create proof of concept in Windows with.NET V',1,'[{"added": {}}]',7,1,'2017-07-07 17:22:02.632485');
INSERT INTO django_admin_log VALUES(101,'12','3.1 Multiple MainLoop (one per thread)',1,'[{"added": {}}]',7,1,'2017-07-07 17:23:18.680924');
INSERT INTO django_admin_log VALUES(102,'13','3.2 Thread API, thread-safe object hierarchy and r',1,'[{"added": {}}]',7,1,'2017-07-07 17:25:41.590809');
INSERT INTO django_admin_log VALUES(103,'14','4.3 Fix own tags in Eolian files with tests',1,'[{"added": {}}]',7,1,'2017-07-07 17:39:03.228144');
INSERT INTO django_admin_log VALUES(104,'15','5.1 Tutorials on C# binding',1,'[{"added": {}}]',7,1,'2017-07-07 17:40:06.317522');
INSERT INTO django_admin_log VALUES(105,'16','5.2 Examples on C# binding',1,'[{"added": {}}]',7,1,'2017-07-07 17:40:45.234076');
INSERT INTO django_admin_log VALUES(106,'17','5.3 Advanced examples with tutorials on C# binding',1,'[{"added": {}}]',7,1,'2017-07-07 17:42:38.514958');
INSERT INTO django_admin_log VALUES(107,'18','5.4 Generation of C# documentation on dokuwiki',1,'[{"added": {}}]',7,1,'2017-07-07 17:43:37.481330');
INSERT INTO django_admin_log VALUES(108,'2','Vitor',1,'[{"added": {}}]',4,1,'2017-07-07 18:32:31.416458');
INSERT INTO django_admin_log VALUES(109,'2','Vitor',2,'[]',4,1,'2017-07-07 18:34:02.212419');
INSERT INTO django_admin_log VALUES(110,'9','1.1 Eina Containers',2,'[{"added": {"object": "teste", "name": "escopo"}}, {"added": {"object": "testette", "name": "escopo"}}]',7,1,'2018-06-09 12:35:37.907322');
INSERT INTO django_admin_log VALUES(111,'2','bobo',2,'[{"changed": {"fields": ["is_active"]}}]',4,1,'2020-02-27 18:55:59.200962');
INSERT INTO django_admin_log VALUES(112,'2','bobo',3,'',4,1,'2020-03-09 17:41:15.551374');
INSERT INTO django_admin_log VALUES(113,'4','Lucas',2,'[{"changed": {"fields": ["is_staff"]}}]',4,1,'2020-03-09 17:42:24.722661');
INSERT INTO django_admin_log VALUES(114,'3','joao',2,'[{"changed": {"fields": ["is_staff"]}}]',4,1,'2020-03-09 17:42:36.991690');
CREATE TABLE IF NOT EXISTS "auth_user" ("id" integer NOT NULL PRIMARY KEY AUTOINCREMENT, "password" varchar(128) NOT NULL, "last_login" datetime NULL, "is_superuser" bool NOT NULL, "first_name" varchar(30) NOT NULL, "last_name" varchar(30) NOT NULL, "email" varchar(254) NOT NULL, "is_staff" bool NOT NULL, "is_active" bool NOT NULL, "date_joined" datetime NOT NULL, "username" varchar(150) NOT NULL UNIQUE);
INSERT INTO auth_user VALUES(1,'pbkdf2_sha256$36000$Rgeg6zynIuFP$37Vk2eZAwWfgmf4Yz5+V7rYsQn4t5/FFp/U9LQyhYMo=','2020-03-09 17:40:17.574338',1,'','','elizio.almeida@gmail.com',1,1,'2017-06-02 15:31:06.075451','elizio');
INSERT INTO auth_user VALUES(3,'pbkdf2_sha256$36000$L7tC6h2AaFAZ$J144VhRhogXWiGkcljJrEu2RKx2S2Gatg+JIJ+Fty3w=','2020-02-27 19:11:50',0,'','','',1,1,'2020-02-27 14:12:20','joao');
INSERT INTO auth_user VALUES(4,'pbkdf2_sha256$36000$bRqetyo9Uwim$qkXhZybn+Z5mIBLcz1P+1bN8z4EKLUVHanjNzLAktvI=','2020-02-27 19:11:25',0,'','','',1,1,'2020-02-27 14:31:32','Lucas');
CREATE TABLE IF NOT EXISTS "controle_cpod" ("id" integer NOT NULL PRIMARY KEY AUTOINCREMENT, "nome_cp" varchar(50) NOT NULL, "cliente" varchar(50) NOT NULL, "data_ini" date NOT NULL, "data_fim" date NOT NULL, "data_des_ini" date NULL, "data_des_fim" date NULL, "obs" text NULL, "projeto" varchar(50) NOT NULL, "participacao" integer NULL, "status" integer NULL);
INSERT INTO controle_cpod VALUES(92,'ANVISA','LexNews','2021-01-01','2021-01-02','2021-01-01',NULL,'','Execução',0,90);
INSERT INTO controle_cpod VALUES(93,'Marinha','TecGraf','2021-01-01','2021-12-31','2021-01-01',NULL,'','Negociando',0,0);
INSERT INTO controle_cpod VALUES(94,'Rede','Canadá','2021-01-01','2021-12-31',NULL,NULL,'','Negociando',0,0);
CREATE TABLE IF NOT EXISTS "controle_itemdesenvolvimento" ("id" integer NOT NULL PRIMARY KEY AUTOINCREMENT, "nome_item" varchar(50) NOT NULL, "descricao" text NULL, "data_ini" date NULL, "data_fim" date NULL, "obs" text NULL, "concluido" integer NULL, "cdes_id" integer NOT NULL REFERENCES "controle_cdesenvolvimento" ("id"), "participacao" integer NULL);
INSERT INTO controle_itemdesenvolvimento VALUES(79,'Item ANVISA','','2021-01-01',NULL,'',90,87,100);
CREATE TABLE IF NOT EXISTS "controle_tarefas" ("id" integer NOT NULL PRIMARY KEY AUTOINCREMENT, "nome_tarefa" varchar(50) NOT NULL, "descricao" text NULL, "data_ini" date NULL, "data_fim" date NULL, "obs" text NULL, "participacao" integer NULL, "itdes_id" integer NOT NULL REFERENCES "controle_itemdesenvolvimento" ("id"), "status" integer NULL);
INSERT INTO controle_tarefas VALUES(59,'Tarefa 1','','2021-01-19','2021-01-19','',90,79,100);
CREATE TABLE IF NOT EXISTS "controle_cdesenvolvimento" ("id" integer NOT NULL PRIMARY KEY AUTOINCREMENT, "desenvolvedor" varchar(50) NOT NULL, "descricao" text NULL, "data_des_ini" date NULL, "data_des_fim" date NULL, "obs" text NULL, "participacao" integer NULL, "cpod_id" integer NOT NULL REFERENCES "controle_cpod" ("id"), "status" integer NULL, "nome_cd" varchar(50) NOT NULL);
INSERT INTO controle_cdesenvolvimento VALUES(87,'Lucas','','2021-01-01',NULL,'',100,92,90,'Anvisa');
DELETE FROM sqlite_sequence;
INSERT INTO sqlite_sequence VALUES('django_migrations',24);
INSERT INTO sqlite_sequence VALUES('django_content_type',11);
INSERT INTO sqlite_sequence VALUES('auth_permission',33);
INSERT INTO sqlite_sequence VALUES('controle_escopo',15);
INSERT INTO sqlite_sequence VALUES('django_admin_log',114);
INSERT INTO sqlite_sequence VALUES('auth_user',4);
INSERT INTO sqlite_sequence VALUES('auth_user_user_permissions',11);
INSERT INTO sqlite_sequence VALUES('controle_cpod',96);
INSERT INTO sqlite_sequence VALUES('controle_itemdesenvolvimento',79);
INSERT INTO sqlite_sequence VALUES('controle_tarefas',59);
INSERT INTO sqlite_sequence VALUES('controle_cdesenvolvimento',87);
CREATE INDEX "controle_escopo_36fccb54" ON "controle_escopo" ("cpod_id");
CREATE INDEX "auth_group_permissions_0e939a4f" ON "auth_group_permissions" ("group_id");
CREATE INDEX "auth_group_permissions_8373b171" ON "auth_group_permissions" ("permission_id");
CREATE INDEX "auth_user_groups_e8701ad4" ON "auth_user_groups" ("user_id");
CREATE INDEX "auth_user_groups_0e939a4f" ON "auth_user_groups" ("group_id");
CREATE INDEX "auth_user_user_permissions_e8701ad4" ON "auth_user_user_permissions" ("user_id");
CREATE INDEX "auth_user_user_permissions_8373b171" ON "auth_user_user_permissions" ("permission_id");
CREATE INDEX "auth_permission_417f1b1c" ON "auth_permission" ("content_type_id");
CREATE INDEX "django_session_de54fa62" ON "django_session" ("expire_date");
CREATE INDEX "django_admin_log_content_type_id_c4bce8eb" ON "django_admin_log" ("content_type_id");
CREATE INDEX "django_admin_log_user_id_c564eba6" ON "django_admin_log" ("user_id");
CREATE INDEX "controle_itemdesenvolvimento_cdes_id_3296d692" ON "controle_itemdesenvolvimento" ("cdes_id");
CREATE INDEX "controle_tarefas_itdes_id_f9d01314" ON "controle_tarefas" ("itdes_id");
CREATE INDEX "controle_cdesenvolvimento_cpod_id_4fc65b4d" ON "controle_cdesenvolvimento" ("cpod_id");
COMMIT;
